source_id,doi,source_sha256,source_class,projectile,isotope,target_initial_state,final_shell_subshell,native_axis,energy_frame,method,basis_channel_count,continuum,trajectory,reported_uncertainty,exact_5_keV_u,exact_0_5_keV_u,table_page_evidence,machine_readable_status,benchmark_admission,unresolved
D-IAEA-D102563,,1429b458551731773c594be7c8dfcc8ce6452f8af71fcb413a0be7b9d733918a,DATASET_RAW_RECOVERED,H+;not He2+,UNRESOLVED_NOT_EXPLICIT,H(1s),H(1s) capture,"eV/u:1000,4000,9000,16000,25000,36000,49000,64000,81000,100000",not explicit in curator raw metadata,curator AOCC data for proton collision,see relatedP09;not a He2+ source,see relatedP09;not evaluated here,see relatedP09,curator sigma:uncertainty;basis convergence estimate,ABSENT;WRONG_PROJECTILE,ABSENT;WRONG_PROJECTILE,datasets/tables/IAEA/102563.txt,RAW_ALREADY_RECOVERED;NOT_IMPORTED_AS_HE2_CELLS,EXCLUDED_WRONG_PROJECTILE,not relevant to He2+ benchmark
D-IAEA-D102731,,3d92260fdfc426237a6fdf9875c8d223ec2dfa55c82a187896dfdba1ff916892,DATASET_RAW_RECOVERED,H+;not He2+,UNRESOLVED_NOT_EXPLICIT,H(2s),H(5g) excitation,"eV/u:1000,4000,9000,16000,25000,36000,49000,64000,81000,100000",not explicit in curator raw metadata,curator AOCC data for proton collision,see relatedP09;not a He2+ source,see relatedP09;not evaluated here,see relatedP09,curator sigma:uncertainty;basis convergence estimate,ABSENT;WRONG_PROJECTILE,ABSENT;WRONG_PROJECTILE,datasets/tables/IAEA/102731.txt,RAW_ALREADY_RECOVERED;NOT_IMPORTED_AS_HE2_CELLS,EXCLUDED_WRONG_PROJECTILE,not relevant to He2+ benchmark
D-LIU24-1,10.57760/sciencedb.j00113.00114,78d710031b9f3539e3170f4dbd3d6d1ae4291923abe66e2076fe8fdac0d8f6f7,DATASET_RAW_RECOVERED,He2+,UNRESOLVED_NOT_EXPLICIT,H(1s),"{""1"": ""tot capture"", ""3"": ""1s"", ""5"": ""2s"", ""6"": ""2p"", ""7"": ""3s"", ""8"": ""3p"", ""9"": ""3d""}",keV/u;separate source-native grids per SCIENCEDB_EXACT_GRID_CHECK,UNRESOLVED_NOT_EXPLICIT_IN_RAW_CSV,AOCC;related P01 Eq9 averages3 GTO bases,P01 B1=17s14p11d8f5g/B2=18s15p12d9f6g/B3=19s16p13d10f7g;554/624/693 totalreactionchannels,P01 L2 GTO pseudostates bothcenters;200–300 described in paperPDF3,P01 straight line R=b+vt PDF2,no raw uncertainty columns;no Gaussian error assigned,ABSENT_ALL_RELEVANT_NATIVE_ENERGY_COLUMNS,ABSENT_ALL_RELEVANT_NATIVE_ENERGY_COLUMNS,rawCSV exactline/column preserved in cellCSV;P01 PDF2–4 method only,ALL_NONBLANK_CELLS_TRANSCRIBED_LITERAL;UNITS_AND_FRAME_UNRESOLVED,BLOCKED_UNIT_AND_FRAME_SEMANTICS;requested_rows_absent,sigma units absent in rawCSV/distribution metadata;no inference from plotted scale
D-LIU24-2,10.57760/sciencedb.j00113.00114,8f4345181b1149db8aeeef0b47d7352e46ecad4cdf98971b394f2bd232533724,DATASET_RAW_RECOVERED,He2+,UNRESOLVED_NOT_EXPLICIT,H(1s),"{""1"": ""2s"", ""2"": ""2p"", ""3"": ""3s"", ""4"": ""3p"", ""5"": ""3d""}",keV/u;separate source-native grids per SCIENCEDB_EXACT_GRID_CHECK,UNRESOLVED_NOT_EXPLICIT_IN_RAW_CSV,AOCC;related P01 Eq9 averages3 GTO bases,P01 B1=17s14p11d8f5g/B2=18s15p12d9f6g/B3=19s16p13d10f7g;554/624/693 totalreactionchannels,P01 L2 GTO pseudostates bothcenters;200–300 described in paperPDF3,P01 straight line R=b+vt PDF2,no raw uncertainty columns;no Gaussian error assigned,ABSENT_ALL_RELEVANT_NATIVE_ENERGY_COLUMNS,ABSENT_ALL_RELEVANT_NATIVE_ENERGY_COLUMNS,rawCSV exactline/column preserved in cellCSV;P01 PDF2–4 method only,ALL_NONBLANK_CELLS_TRANSCRIBED_LITERAL;UNITS_AND_FRAME_UNRESOLVED,BLOCKED_UNIT_AND_FRAME_SEMANTICS;requested_rows_absent,sigma units absent in rawCSV/distribution metadata;no inference from plotted scale
D-LIU24-3,10.57760/sciencedb.j00113.00114,353804f729209b6bbce1ce66c673164ed0bba73960036e328bd7eb748d10ae0b,DATASET_RAW_RECOVERED,He2+,UNRESOLVED_NOT_EXPLICIT,H(2s),"{""1"": ""tot capture"", ""2"": ""3s"", ""3"": ""3p"", ""4"": ""3d"", ""5"": ""4s"", ""6"": ""4p"", ""7"": ""4d"", ""8"": ""4f""}",keV/u;separate source-native grids per SCIENCEDB_EXACT_GRID_CHECK,UNRESOLVED_NOT_EXPLICIT_IN_RAW_CSV,AOCC;related P01 Eq9 averages3 GTO bases,P01 B1=17s14p11d8f5g/B2=18s15p12d9f6g/B3=19s16p13d10f7g;554/624/693 totalreactionchannels,P01 L2 GTO pseudostates bothcenters;200–300 described in paperPDF3,P01 straight line R=b+vt PDF2,no raw uncertainty columns;no Gaussian error assigned,ABSENT_ALL_RELEVANT_NATIVE_ENERGY_COLUMNS,ABSENT_ALL_RELEVANT_NATIVE_ENERGY_COLUMNS,rawCSV exactline/column preserved in cellCSV;P01 PDF2–4 method only,ALL_NONBLANK_CELLS_TRANSCRIBED_LITERAL;UNITS_AND_FRAME_UNRESOLVED,BLOCKED_UNIT_AND_FRAME_SEMANTICS;requested_rows_absent,sigma units absent in rawCSV/distribution metadata;no inference from plotted scale
D-LIU24-4,10.57760/sciencedb.j00113.00114,03082d6fd21d226e0fe310df79213575eebbd3bbf3db577986ea7ac2f87fb4a1,DATASET_RAW_RECOVERED,He2+,UNRESOLVED_NOT_EXPLICIT,H(2s),"{""1"": ""3s"", ""2"": ""3p"", ""3"": ""3d"", ""4"": ""4s"", ""5"": ""4p"", ""6"": ""4d"", ""7"": ""4f""}",keV/u;separate source-native grids per SCIENCEDB_EXACT_GRID_CHECK,UNRESOLVED_NOT_EXPLICIT_IN_RAW_CSV,AOCC;related P01 Eq9 averages3 GTO bases,P01 B1=17s14p11d8f5g/B2=18s15p12d9f6g/B3=19s16p13d10f7g;554/624/693 totalreactionchannels,P01 L2 GTO pseudostates bothcenters;200–300 described in paperPDF3,P01 straight line R=b+vt PDF2,no raw uncertainty columns;no Gaussian error assigned,ABSENT_ALL_RELEVANT_NATIVE_ENERGY_COLUMNS,ABSENT_ALL_RELEVANT_NATIVE_ENERGY_COLUMNS,rawCSV exactline/column preserved in cellCSV;P01 PDF2–4 method only,ALL_NONBLANK_CELLS_TRANSCRIBED_LITERAL;UNITS_AND_FRAME_UNRESOLVED,BLOCKED_UNIT_AND_FRAME_SEMANTICS;requested_rows_absent,sigma units absent in rawCSV/distribution metadata;no inference from plotted scale
P03,10.1103/PhysRevA.67.052705,d111275b1225e8d128f80c1188daf9b7eef9bddf8dad350db44a25c989dba81b,PUBLISHED_VERSION_RECOVERED,He2+,UNRESOLVED_NOT_EXPLICIT,H(1s),native n2 charge-transfer total;no n1 column,"Ec.m.(eV):20,50,100,200,600,1000,1600,2000,4000",center_of_mass,HSCC fully quantum three-body coordinates,four asymptotic channels:incoming H1s + three He+(n2) channels,not included in four-channel calculation,quantum nuclear partial waves;no prescribed classical trajectory,none per TableII cell;higher-energy channel expansion identified by authors as future convergence test,NO_NATIVE_KEVU_ROW;4000eV_c.m. not admitted as exact5keV/u,NO_NATIVE_KEVU_ROW;no frame/mass conversion performed,TableII PDF9/printed052705-9;SectionIV PDF8,9_HSCC_CELLS_VERIFIED,SCOPED_AUTHORITY_ONLY;G1_NOT_AUTHORIZED,isotope/mass adapter;channel-truncated n2 result must not stand for n1/complete-total capture
P04,10.1088/0953-4075/41/13/135201,de5057454e4eee37a030f6b1f7dee3fc3fe9e00a3739033d016c0584e33d3add,PUBLISHED_VERSION_RECOVERED,He2+,alpha/4He context;H;D/T explicitly outside calculation;exact masses unspecified,H nativeP04;H(1s) explicitly bound by P01 introduction cross-reference,"A3 native1s,2s,2p,n2,3s,3p,3d,n3,n4,n5,CTMCn6..20,totaln1..5,totaln1..20","keV/u:1,2,5,10,25,50,70,100,200,500,700,1000;only5cells transcribed",native impact energy;LAB_VS_CM_NOT_EXPLICIT;NO_CONVERSION,LTDSE;AOCC-A importedToshima1995NIFS-DATA-26;AOCC-B;CTMC,LTDSE320^3 with512^3 check;AOCC-B239=74projectile+165target;AOCC-A source report,LTDSE spatialgrid;AOCC pseudostates;CTMC classicalcontinuum;quantum n1..20 totals use normalizedCTMCtail,LTDSE full trajectory equation not printed here;CTMC classical trajectories;no stronger common assumption assigned,No percellerrors;authors dominant-channel accuracy assessments not certified bounds;method spread not Gaussian,YES_NATIVE5_TABLE_A3;frame/state provenance limitations retained,NO_NATIVE_ROW,AppendixA1-A12 PDF8-11;A3 PDF8 printed7;P01 introduction H1s binding,63_NONBLANK_CELLS_ALL27_A3_ROWS;other11tables NOT_TRANSCRIBED,SCOPED_SOURCE_AUTHORITY_ONLY;G1_NOT_AUTHORIZED,Lab/CM not explicit;state cross-source binding;finite masses unspecified;AOCC-A secondary import;no rowcertificate
P07,10.1103/PhysRevA.56.1364,b7b4dc60cc8ab138e31fcb2212d502d50a69540dd71aebf59b9fc205142ddcf2,PUBLISHED_VERSION_RECOVERED,He2+,alpha/proton species imply helium-4/protium; no explicit numerical nuclear masses recovered in current paper,H(1s),"He1s,n2,n3,n4,n5,total;ionization andH-excitation separate",relativevelocitya.u.26rows:0.2313..1.2046;see METADATA_REVIEW,relative nuclear velocity;no native energy column,multichannel perturbed-stationary-state close coupling;no ETF employed,35He-bound+10H-bound+35L2pseudoionization,35LCAOpseudostates;limitedcontinuum,semiclassical eikonal straightline constantvelocity,No row-specificcertified bound;basis diagnostics not crosssection certificate,NO_NATIVE_ENERGY_ROW;NO_ADAPTER_RUN,NO_NATIVE_ENERGY_ROW;NO_ADAPTER_RUN,"TableIII PDF8 printed1371;methodPDF3,5-7",GRID_AND_METADATA_INDEXED;NO_CELLS_IN_EXACT_SOURCE_CELLS,SCOPED_SOURCE_AUTHORITY_ONLY;G1_NOT_AUTHORIZED,Nativevelocityretained;noapproximateenergyadmission;finitebasisuncertainty
P08,10.1103/PhysRevA.76.062702,3db45b5bdc7c185ba73e83a51338cece424cbe1fffdc1c729ec73ee4e941d3c2,PUBLISHED_VERSION_RECOVERED,He2+,alpha/proton species imply helium-4/protium; no explicit numerical nuclear mass values provided,H(1s),"native1s,2s,2p,3s,3p,3d,beyond3d,All;no native n2/n3 shell totals","alpha labkeV:3,8,20,40,70,100,200,400,800,1200,1600,2400;only20rows transcribed",projectile laboratory keV;notnativekeV/u,two-center coupled-Sturmian pseudostates,107=57H+50He production;151asymmetriccomparison not automatically superior,positiveenergy Sturmianpseudostates;source threshold/tail corrections,straightclassicalpath,Roughbasisestimatesnotcertificate;151state n3 deemedunreliable dueomittedtargetexcitation,CONDITIONAL_A4_ADAPTER_ONLY;20keVnative;NO_ENERGY_CONVERSION,NO_NATIVE2KEV_ROW,TableII PDF5 printed062702-5;labenergyPDF1;TableIVgraphicalinterpolationexcluded,16_NATIVE20KEV_CELLS_VERIFIED;otherenergies NOT_TRANSCRIBED,SCOPED_SOURCE_AUTHORITY_ONLY;G1_NOT_AUTHORIZED,ExplicitA4massnormalizationneededbeforecomparison;no printedn2/n3shellsums;ETFprescriptionnotrecoveredinmethodsummary
P09,10.1016/j.adt.2019.05.002,a1d662ab0f5689eb99fa3046047139bcf679ab5b512616bcc3790f92f90a9fbf,PUBLISHED_VERSION_RECOVERED,He2+,UNRESOLVED_NOT_EXPLICIT,"H1s,H2s extracted;other initial states remain in PDF",native He+1s..5g in Tables25-30;no new shell sums,"v(a.u.)=0.2,0.4,0.6,0.8,1,1.2,1.4,1.6,1.8,2",relative impact velocity;target-rest representation;native tables are velocity not energy,two-center AOCC;source mean of two GTO basis calculations,B1=15s12p9d6f3g;B2=16s13p10d7f4g;bound n<=5;all eigenstates below2a.u.,120–200 pseudo-continuum states depending on system/basis;both centers,straight line R=b+vt;PDF2,"epsilon=abs(sigma_B1-sigma_B2)/sigma_average Eq9;dimensionless convergence estimate,not SD",NO_NATIVE_ENERGY_TOKEN;velocity-to-keV/u adapter NOT_RUN,NO_NATIVE_ENERGY_TOKEN;velocity-to-keV/u adapter NOT_RUN,Tables25-26 PDF10;Tables27-30 PDF11;methods Eq8/9 and TableA PDF3,300_VALUE_CELLS_PLUS300_CONVERGENCE_TOKENS_VERIFIED;remaining108tables NOT_TRANSCRIBED,SCOPED_AUTHORITY_ONLY;G1_NOT_AUTHORIZED,complete114table extraction not done;isotope not assigned;nativevelocity retained;IAEA proton files excluded from He2+ authority
P10,10.1088/1361-6587/ab2e7a,8c56acf7e9437acba27060e6b08534e53c9613d82d7620f8561c47b06e7b4438,PUBLISHED_VERSION_RECOVERED,He2+,alpha particle+proton+electron explicitly identify the system (PDF2 printedp1); do not substitute D/T,H(1s),capture/excitation/ionization;nlmdata available onlybyrequest;inverseH+lane separate,10-1000keVamu^-1,"Explicit projectile/incident energy, native keVamu^-1. No center-of-mass conversion performed.",WP-CCC,"1910states=955eachcenter;Nb10,Nc20,lmax5",stationaryCoulombwavepacketsbothcenters,z=vt;z-150..150a.u.;impactintegration,Authors convergence demonstrations in lmax and discretization; no row-wise percentage uncertainty for desired5/.5energies because they are outside scope. Differential ionization example at200keVamu^-1 needslmax8.,OUTSIDE_PUBLISHED_RANGE,OUTSIDE_PUBLISHED_RANGE,Figures1-18;methodsPDF3-4;dataavailabilityPDF11,NO_NUMERIC_TABLES;AUTHOR_REQUEST_DATA_NOT_ACQUIRED;NO_DIGITIZATION,SCOPED_SOURCE_AUTHORITY_ONLY;G1_NOT_AUTHORIZED,rawnlmdata unavailable;requestedenergies outside range
P22,10.1088/0022-3700/11/1/016,9d0c00cfd5607ba42ee8bb05c1d285fc75a80d4b646ba13aa339ab14c3fba891,PUBLISHED_VERSION_RECOVERED,He2+,3He energy-equivalent convention;some4He beams mappedtoequalvelocity by source,H(1s),"Htotalcapture,He2s;H2columns separate;Table2He+excitation excluded",3He total labenergykeV;5.0token isnot5keV/u;15keV absentbetween14and16,incident laboratory energy in3He convention,"Crossed beam/gas furnace transmission and charge-state yield; electric-field quenching He+(2s) and304Angstromphoton detection; target highlydissociatedhydrogen, residualmolecularcomponent calibration",EXPERIMENT_NOT_APPLICABLE,EXPERIMENT_CHARGE_STATE_CAPTURE;notfinite-shelltheorytotal,accelerator beam through gas target,Htotalabsolute15%;H2s17%;individualreproducibilitytableerrors distinct;no combination,NO_NATIVE15KEV3HE_ROW_UNDER_A3;NO_CONVERSION,NO_NATIVE1.5KEV3HE_ROW_UNDER_A3,Table1 PDF7 printed126;Table2 PDF11 distinctprocess,METADATA_AND_EXCLUSION_CHECKED;NO_CELLS_IN_EXACT_SOURCE_CELLS,SCOPED_SOURCE_AUTHORITY_ONLY;G1_NOT_AUTHORIZED,isotope/massadapter;blankHtotalatnative5keVnotzero;no interpolation
