item,expression,basis,status,numeric_value,ceiling
atomic_He1s_He2px_dipole,64*sqrt(2)*a_A/243,isolatedHehydrogenic,DERIVED_AND_CAS_CHECKED,,notexactfiniteRmolecularmatrix
atomic_He1s_He2px_momentum,i*m_e*(eps_B1-eps_B2)*dipole/hbar,sameatomicbasis,DERIVED,,ETFtranslationpartcancelsinM
R10R_exact_bare_Lgb,-i*hbar*C_R*T_R/Delta_R,exactR10Rstates/chargecenter,REUSED_PROOF;EXACT_FULL_PQ_DICTIONARY,,magnitudesandcompletedobservableNOT_COMPUTED
full_KQP,Z†(H*Y-i*hbar*Ydot),exactP/Qcompletion,DERIVED,,numericalevaluationNOT_RUN
memory_kernel,"K_PQ(t)*U_Q(t,s)*K_QP(s)",samefullframe,DERIVED,,notpositiveirreversiblerate
exact_smallR_L_O,-i*hbar*4*sqrt(2)/15*x^3+O(hbar*x^(7/2)),exactR10R,DERIVED,,smallR_only;constants_unevaluated
exact_largeR_L_O,-i*hbar*32*sqrt(2)/243*x+O(hbar*x^-2),exactR10R,DERIVED,,largeR_only;notfiniteRgrid
exact_largeR_L_B,i*hbar*128*sqrt(2)/729*x^-2+O(hbar*x^-3),exactR10R_Heorigin,DERIVED,,notwholeO(R^-2)correctionofL_O
exact_smallR_L_B,i*hbar*16*sqrt(2)/81*x+O(hbar*x^3),exactR10R_Heorigin,DERIVED,,explicitorigin
exact_B_ETF_pair,exp(i*Delta_gamma)*(m*a_Bx*d_gb-Omega_y*L_Bgb),exactmolecularB_ETF,DERIVED,,not2stateclosure
n2_projected_dipole,<2s|z|2pz>=-3*a_B,atomicHe_n2,DERIVED_AND_CAS_CHECKED,,leadingprojectedblock_notexactfiniteReigenvectors
global_comparison_bound,0<c_minus<=i*L_O/(hbar*x^3/(1+x^2))<=c_plus<infinity,exactR10R,DERIVED_EXISTENTIAL,,nofit;constantsunknown;notnumericalcertificate
C1_R2_prolate_refined_Lbar,L_O/(-i*hbar),fixed-sector R=2 a_A Z_A=1 Z_B=2,PILOT_NOT_CONVERGED_INDEPENDENTLY,0.34097775775750866,not certified magnitude; not source-native benchmark
C1_R2_partialwave_l18_Lbar,L_O/(-i*hbar),fixed-sector R=2 a_A Z_A=1 Z_B=2,PILOT_NOT_CONVERGED_INDEPENDENTLY,0.3408957857087615,not certified magnitude; not source-native benchmark
