R_a0,E_hartree,lambda,max_residual
9.5,-0.6250714066900136,19.703008678986354,8.785866478788762e-11
9.6,-0.6235326076279472,19.90694658805338,8.402376017180302e-11
9.700000000000001,-0.6220283548202196,20.110817775575235,8.037839838159755e-11
9.8,-0.6205578705974922,20.314620178388505,7.697167903053526e-11
9.9,-0.6191203587669805,20.51835228103967,7.371625532215376e-11
10.0,-0.6177150109408434,20.722013051493946,7.068018392786257e-11
10.5,-0.6111422258522746,21.73923759169932,6.948053243860386e-13
11.0,-0.37666458665252467,26.278764963617245,3.4139358007223564e-14
11.5,-0.3694451161593984,27.471188426201806,5.684341886080802e-14
12.0,-0.3622240758475549,28.675053812469358,7.698696125046922e-09
15.0,-0.5739712342941155,30.834561876976238,2.2737367544323206e-13
20.0,-0.6000571228697013,39.89983581217579,3.665618919512781e-10
30.0,-0.5666778406889229,59.93330249635117,1.8900436771218665e-12
40.0,-0.5500035481087686,79.94998954188976,3.5107490248265094e-09
50.0,-0.5400014441385979,99.95999605695597,2.505231577742961e-10
