E_keV_per_amu,n,sigma_cm2,status
0.25,1,1.075000000000e-28,PUBLISHED_TABLE2_ORACLE
0.25,2,2.807000000000e-17,PUBLISHED_TABLE2_ORACLE
0.25,3,4.363000000000e-19,PUBLISHED_TABLE2_ORACLE
0.25,4,1.024000000000e-21,PUBLISHED_TABLE2_ORACLE
0.25,5,5.025000000000e-23,PUBLISHED_TABLE2_ORACLE
0.25,6,1.067000000000e-23,PUBLISHED_TABLE2_ORACLE
0.25,7,4.065000000000e-24,PUBLISHED_TABLE2_ORACLE
0.25,8,1.722000000000e-24,PUBLISHED_TABLE2_ORACLE
0.5,1,4.208000000000e-25,PUBLISHED_TABLE2_ORACLE
0.5,2,9.524000000000e-17,PUBLISHED_TABLE2_ORACLE
0.5,3,2.957000000000e-18,PUBLISHED_TABLE2_ORACLE
0.5,4,4.711000000000e-20,PUBLISHED_TABLE2_ORACLE
0.5,5,4.072000000000e-21,PUBLISHED_TABLE2_ORACLE
0.5,6,1.135000000000e-21,PUBLISHED_TABLE2_ORACLE
0.5,7,5.054000000000e-22,PUBLISHED_TABLE2_ORACLE
0.5,8,2.232000000000e-22,PUBLISHED_TABLE2_ORACLE
1.0,1,1.454000000000e-22,PUBLISHED_TABLE2_ORACLE
1.0,2,2.724000000000e-16,PUBLISHED_TABLE2_ORACLE
1.0,3,1.039000000000e-17,PUBLISHED_TABLE2_ORACLE
1.0,4,6.360000000000e-19,PUBLISHED_TABLE2_ORACLE
1.0,5,8.411000000000e-20,PUBLISHED_TABLE2_ORACLE
1.0,6,3.095000000000e-20,PUBLISHED_TABLE2_ORACLE
1.0,7,1.746000000000e-20,PUBLISHED_TABLE2_ORACLE
1.0,8,7.175000000000e-21,PUBLISHED_TABLE2_ORACLE
2.5,1,2.433000000000e-20,PUBLISHED_TABLE2_ORACLE
2.5,2,7.305000000000e-16,PUBLISHED_TABLE2_ORACLE
2.5,3,2.917000000000e-17,PUBLISHED_TABLE2_ORACLE
2.5,4,5.692000000000e-18,PUBLISHED_TABLE2_ORACLE
2.5,5,1.069000000000e-18,PUBLISHED_TABLE2_ORACLE
2.5,6,5.421000000000e-19,PUBLISHED_TABLE2_ORACLE
2.5,7,4.672000000000e-19,PUBLISHED_TABLE2_ORACLE
2.5,8,1.398000000000e-19,PUBLISHED_TABLE2_ORACLE
5.0,1,2.949000000000e-19,PUBLISHED_TABLE2_ORACLE
5.0,2,1.116000000000e-15,PUBLISHED_TABLE2_ORACLE
5.0,3,5.041000000000e-17,PUBLISHED_TABLE2_ORACLE
5.0,4,1.691000000000e-17,PUBLISHED_TABLE2_ORACLE
5.0,5,3.512000000000e-18,PUBLISHED_TABLE2_ORACLE
5.0,6,2.227000000000e-18,PUBLISHED_TABLE2_ORACLE
5.0,7,2.949000000000e-18,PUBLISHED_TABLE2_ORACLE
5.0,8,5.546000000000e-19,PUBLISHED_TABLE2_ORACLE
10.0,1,1.562000000000e-18,PUBLISHED_TABLE2_ORACLE
10.0,2,1.343000000000e-15,PUBLISHED_TABLE2_ORACLE
10.0,3,7.837000000000e-17,PUBLISHED_TABLE2_ORACLE
10.0,4,3.839000000000e-17,PUBLISHED_TABLE2_ORACLE
10.0,5,7.779000000000e-18,PUBLISHED_TABLE2_ORACLE
10.0,6,6.300000000000e-18,PUBLISHED_TABLE2_ORACLE
10.0,7,1.396000000000e-17,PUBLISHED_TABLE2_ORACLE
10.0,8,1.310000000000e-18,PUBLISHED_TABLE2_ORACLE
20.0,1,4.506000000000e-18,PUBLISHED_TABLE2_ORACLE
20.0,2,1.321000000000e-15,PUBLISHED_TABLE2_ORACLE
20.0,3,1.038000000000e-16,PUBLISHED_TABLE2_ORACLE
20.0,4,6.821000000000e-17,PUBLISHED_TABLE2_ORACLE
20.0,5,1.304000000000e-17,PUBLISHED_TABLE2_ORACLE
20.0,6,1.341000000000e-17,PUBLISHED_TABLE2_ORACLE
20.0,7,4.915000000000e-17,PUBLISHED_TABLE2_ORACLE
20.0,8,2.140000000000e-18,PUBLISHED_TABLE2_ORACLE
